{"cameraMode":{"drawMode":0,"name":"Shaded","section":"Shading Mode"},"sceneLighting":true,"audioPlay":false,"sceneViewState":{"m_AlwaysRefresh":false,"showFog":true,"showSkybox":true,"showFlares":true,"showImageEffects":true,"showParticleSystems":true,"showVisualEffectGraphs":true,"m_FxEnabled":true},"in2DMode":false,"pivot":{"x":0.0378727912902832,"y":0.042611122131347659,"z":0.07961928844451904},"rotation":{"x":-0.1592111736536026,"y":0.8074648976325989,"z":-0.2527094781398773,"w":-0.5087170600891113},"size":8.807657241821289,"orthographic":false}